iter,proj_loss_train,proj_psnr_val,global_psnr,voxel_mean,voxel_std,voxel_p1,voxel_p50,voxel_p99,num_gaussians,density_mean,density_std,scale_mean,scale_std,densify_added,prune_removed,proj_minus_voxel_psnr,gaussian_delta
100,0.0052232732996344,36.580993973420014,13.269323102679175,0.2511681914329529,0.1508558839559555,0.0619365610182285,0.1926094591617584,0.6921631693840027,50000,0.0385619290173053,0.0271235965192317,0.0390944443643093,0.0087225371971726,0,0,23.31167087074084,0
200,0.004242280498147,38.9546946402204,13.167664757882974,0.2537477016448974,0.1554751694202423,0.0627734288573265,0.19047811627388,0.6928796172142029,50000,0.0391722992062568,0.0288660917431116,0.039043765515089,0.009105859324336,0,0,25.78702988233743,0
300,0.0032396351452916,40.24921724652701,13.12524684628574,0.2551047503948211,0.157538816332817,0.0639045313000679,0.1893961727619171,0.6924883723258972,50000,0.0399469621479511,0.0304011292755603,0.0390386469662189,0.0094975233078002,0,0,27.12397040024127,0
400,0.0028915575239807,41.24291073881223,13.100413282744569,0.2560590207576751,0.1589998751878738,0.064498983323574,0.188607856631279,0.6924183368682861,50000,0.0407567992806434,0.0317695252597332,0.0390411019325256,0.0098687401041388,0,0,28.14249745606766,0
500,0.004119524732232,41.943761071458965,13.077480640091892,0.256717175245285,0.159843161702156,0.0658278912305831,0.1879451870918274,0.6934176683425903,50000,0.0415853857994079,0.0330927446484565,0.0390389338135719,0.010222571901977,0,0,28.866280431367073,0
600,0.0029878634959459,42.31067884704434,13.076374649818298,0.2571777105331421,0.1603692173957824,0.0661409497261047,0.1875095069408416,0.6919360160827637,72060,0.02940259501338,0.0163417682051658,0.0392830558121204,0.0106377033516764,22070,10,29.234304197226045,22060
700,0.0028246664442121,42.70162839958445,13.056069436695925,0.2577531635761261,0.1613604128360748,0.0668025687336921,0.1869822889566421,0.6928043365478516,86531,0.0250095576047897,0.0102949533611536,0.0400055237114429,0.0115971304476261,14471,0,29.645558962888526,14471
800,0.0027110506780445,43.21277682350803,13.027401106887956,0.2584933638572693,0.1626682877540588,0.0684203505516052,0.1865908652544021,0.6964108943939209,90128,0.0244960542768239,0.0096438629552721,0.0402721054852008,0.0126272002235054,3598,1,30.185375716620072,3597
900,0.0025816848501563,43.354650310977206,13.039475705449398,0.2586274147033691,0.1621105670928955,0.069102331995964,0.1864537000656128,0.6923797130584717,91297,0.0246422328054904,0.0099793653935194,0.0403572581708431,0.013583262450993,1170,1,30.315174605527808,1169
1000,0.0024700751528143,43.78519721662631,13.03265908233652,0.2590216696262359,0.1624251753091812,0.0702149793505668,0.1866209059953689,0.6932123899459839,92162,0.024869879707694,0.0104855056852102,0.0404501147568225,0.0144765628501772,867,2,30.752538134289786,865
1100,0.0024568038061261,44.38094668566166,13.027581727939362,0.2591484487056732,0.162699282169342,0.0706513375043869,0.1861370503902435,0.6936964988708496,92629,0.0251591615378856,0.0109123727306723,0.0404447205364704,0.0149815399199724,468,1,31.3533649577223,467
1200,0.0022089716512709,44.81461959108714,13.028982770756556,0.2595921158790588,0.1627411991357803,0.0717484503984451,0.1862427294254303,0.691044807434082,92995,0.025479357689619,0.0113411033526062,0.0404376797378063,0.0153888873755931,367,1,31.78563682033058,366
1300,0.0018997613806277,44.581947555908606,13.022059290966444,0.2596434354782104,0.1629632860422134,0.0731437802314758,0.1861319243907928,0.6930166482925415,93327,0.0257907640188932,0.0117992088198661,0.0404102839529514,0.0157089065760374,337,5,31.55988826494216,332
1400,0.0020187799818813,44.88541512960741,13.019742348980063,0.2596738338470459,0.1629460304975509,0.0730191320180893,0.1858915835618972,0.6919362545013428,93665,0.0260565467178821,0.0121801635250449,0.040393128991127,0.0160398390144109,341,3,31.865672780627346,338
1500,0.0020720653701573,45.23863586606858,13.021126591829193,0.2596575617790222,0.1632823944091797,0.0731633380055427,0.1859079003334045,0.691200852394104,93984,0.0263225976377725,0.0125983003526926,0.0403750501573085,0.0163288190960884,324,5,32.21750927423938,319
1600,0.001982461893931,44.69798657159525,13.01669001190641,0.2600091099739074,0.1635496318340301,0.0739837810397148,0.1859835088253021,0.6931405067443848,94317,0.0265828315168619,0.012986758723855,0.0403685607016086,0.0166073236614465,337,4,31.68129655968884,333
1700,0.002004228066653,45.19687643342952,13.014296906256275,0.2602361142635345,0.1634178161621093,0.0739074498414993,0.1861434876918792,0.6921325922012329,94653,0.0268145576119422,0.0133082987740635,0.0403642021119594,0.0168959107249975,339,3,32.182579527173246,336
1800,0.0021296902559697,45.35131969386556,13.0067417057729,0.2602376639842987,0.1637847274541854,0.0744558423757553,0.1861859261989593,0.6936533451080322,94997,0.0270269121974706,0.0136454217135906,0.0403543673455715,0.0171527434140443,346,2,32.34457798809267,344
1900,0.0021177073940634,45.41451488916893,13.01006401244788,0.2601780891418457,0.1635782420635223,0.0750620365142822,0.185917854309082,0.6942253112792969,95279,0.0272492934018373,0.0139942280948162,0.0403408408164978,0.0173895135521888,283,1,32.40445087672104,282
2000,0.0020359547343105,46.03957802138308,13.002193828502255,0.2602362036705017,0.1640526503324508,0.0751596540212631,0.1856289207935333,0.6949039697647095,95570,0.0274649858474731,0.0143249919638037,0.040333092212677,0.0176248047500848,294,3,33.03738419288082,291
2100,0.0018983943155035,45.552292867995554,12.980667620460276,0.2604581713676452,0.1645496487617492,0.0751484557986259,0.1858600825071334,0.6964675188064575,95789,0.0276890937238931,0.0147025482729077,0.040340881794691,0.0178648978471755,223,4,32.57162524753528,219
2200,0.0023155359085649,46.31927062256995,13.001680980496586,0.2604259252548218,0.1641867458820343,0.0759300515055656,0.1859026849269867,0.6949264407157898,96063,0.0278928950428962,0.0150293037295341,0.0403379313647747,0.0180878173559904,276,2,33.317589642073365,274
2300,0.0020679836161434,45.76298446133548,13.004994245670929,0.2605535089969635,0.1640924960374832,0.0751329213380813,0.1862504184246063,0.6942119598388672,96306,0.0280945673584938,0.0153802772983908,0.0403353907167911,0.0183012802153825,254,11,32.75799021566455,243
2400,0.0020018247887492,46.08958955389496,12.991344899590178,0.2605396509170532,0.1647027879953384,0.0759011879563331,0.1855243742465973,0.6968930959701538,96577,0.0282863099128007,0.015717826783657,0.0403405837714672,0.0185302272439003,280,9,33.09824465430478,271
2500,0.0019085051026195,46.55100560134324,12.986131205714702,0.2605758905410766,0.1644163578748703,0.076541006565094,0.1856460720300674,0.695091724395752,96813,0.0284464620053768,0.0160061810165643,0.0403495877981185,0.0187595896422863,243,7,33.564874395628536,236
2600,0.0019906961824744,46.40944931700983,13.00539371395246,0.2605897784233093,0.1642665416002273,0.0767291039228439,0.1859986037015915,0.6953071355819702,97086,0.028613943606615,0.01631960272789,0.0403719209134578,0.0190002042800188,285,12,33.40405560305737,273
2700,0.0018759681843221,46.79273154369681,12.990964761032217,0.2608470618724823,0.1648276448249817,0.0761119797825813,0.1857928037643432,0.6968188285827637,97352,0.0287824645638465,0.0165879670530557,0.0403825603425502,0.0192059427499771,270,4,33.80176678266459,266
2800,0.0018871135544031,46.60720587220935,12.992861597029858,0.260700523853302,0.1645832806825637,0.0760499164462089,0.1858376860618591,0.6948480606079102,97555,0.0289381742477417,0.0169060491025447,0.0403950661420822,0.0194030534476041,211,8,33.61434427517949,203
2900,0.0018410282209515,46.8297734838461,12.988384242280825,0.2607618570327759,0.1647066920995712,0.0761552900075912,0.1856747567653656,0.6957082748413086,97766,0.0291181039065122,0.0172114726155996,0.0404111668467521,0.0196153875440359,212,1,33.841389241565274,211
3000,0.0020798824261873,47.29605447943629,13.00029194455557,0.2605613470077514,0.1644118428230285,0.0760369002819061,0.1860954910516739,0.6969460844993591,97981,0.0292667653411626,0.0175153277814388,0.0404327698051929,0.0198649298399686,220,5,34.29576253488072,215
3100,0.0018053882522508,47.134003357566485,12.99263987546018,0.2609255313873291,0.1646447479724884,0.076236106455326,0.1863344609737396,0.6967318058013916,98229,0.0294115021824836,0.0177605543285608,0.0404554307460784,0.0200648754835128,257,9,34.14136348210631,248
3200,0.0020194661337882,47.34378681528938,12.99621780698774,0.2607526481151581,0.1643725633621215,0.0760598257184028,0.1861407458782196,0.6945651769638062,98474,0.0295494757592678,0.0179911814630031,0.0404750928282737,0.0202832091599702,250,5,34.34756900830163,245
3300,0.0018186676315963,47.16365680704853,12.996504220497862,0.2605937421321869,0.1645594239234924,0.0758885815739631,0.1858948469161987,0.6948072910308838,98780,0.0296279080212116,0.0181310027837753,0.0404925756156444,0.0204771179705858,312,6,34.16715258655067,306
3400,0.0016725677996873,46.94356943092308,12.986529264447116,0.260670006275177,0.1647801995277404,0.0751094967126846,0.1859525442123413,0.6963639855384827,99054,0.0297310966998338,0.0183072891086339,0.0405240878462791,0.0207077842205762,281,7,33.95704016647596,274
3500,0.0018012444488704,47.25149832784044,12.997457455543664,0.2607776522636413,0.1645967215299606,0.0746727660298347,0.186229258775711,0.6953000426292419,99245,0.029850935563445,0.0185290202498435,0.0405355393886566,0.0208622384816408,203,12,34.25404087229677,191
3600,0.0016262761782854,47.43342505200851,12.982937116167728,0.2607123851776123,0.1648600548505783,0.0749402567744255,0.1859938353300094,0.6962417364120483,99449,0.0299864392727613,0.0187981538474559,0.0405622757971286,0.0210776794701814,218,14,34.45048793584078,204
3700,0.0016883516218513,47.56868401459323,12.98571098281145,0.2607391476631164,0.164937138557434,0.0746564120054245,0.1860404163599014,0.6950668096542358,99628,0.0301104262471199,0.0190265923738479,0.0405688434839248,0.021213399246335,192,13,34.58297303178178,179
3800,0.001687723910436,47.62302612168749,12.985668512314897,0.2608047127723694,0.1649241149425506,0.0740386173129081,0.1861909478902816,0.695837140083313,99844,0.0302263442426919,0.0192306395620107,0.0405910387635231,0.0214073043316602,219,3,34.63735760937259,216
3900,0.0016987088602036,47.54137474004854,12.987891693033148,0.2607839405536651,0.1648155301809311,0.0741349458694458,0.1863050460815429,0.6944634914398193,100073,0.0303293522447347,0.0194578729569911,0.0406115464866161,0.0215683206915855,236,7,34.55348304701539,229
4000,0.0017359381308779,47.40133279314564,12.973655753944271,0.2607680261135101,0.1653049439191818,0.0734580233693122,0.1860920786857605,0.6986526250839233,100295,0.0304127093404531,0.0196155756711959,0.0406309403479099,0.0217401627451181,230,8,34.42767703920137,222
4100,0.0018894200911745,48.00028801063555,12.98297634450824,0.2610063850879669,0.165242850780487,0.0732853338122367,0.186280757188797,0.6977323293685913,100453,0.0305283516645431,0.019838536158204,0.0406394712626934,0.0218363907188177,179,21,35.01731166612731,158
4200,0.0020552845671772,47.26691181606359,12.977576456936808,0.2609038054943084,0.1652961671352386,0.0737326890230178,0.1861767023801803,0.6987814903259277,100633,0.0306411068886518,0.0200440753251314,0.040656492114067,0.0220044832676649,192,12,34.28933535912678,180
4300,0.001785562839359,48.031529786871815,12.982621373084989,0.2609527111053467,0.1650284230709076,0.0729506090283393,0.1864290982484817,0.6959917545318604,100849,0.0307185519486665,0.020201314240694,0.0406726486980915,0.0221219882369041,222,6,35.048908413786826,216
4400,0.0015549974050372,47.640451442104855,12.981910874334853,0.260969340801239,0.1653132736682891,0.0733170062303543,0.1863282620906829,0.6974858045578003,101022,0.0308279525488615,0.0204267054796218,0.0407049059867858,0.0223029665648937,188,15,34.658540567770004,173
4500,0.0015871812356635,48.33890040322787,12.977773966018418,0.2609629034996032,0.1652367264032364,0.0731556490063667,0.1861730813980102,0.6972523331642151,101162,0.0309308636933565,0.0206015091389417,0.0407170876860618,0.0224292483180761,161,21,35.36112643720945,140
4600,0.0016019355971366,47.87381583953397,12.983533296552253,0.2609971463680267,0.1651676148176193,0.07393529266119,0.1863114535808563,0.6970585584640503,101328,0.0310240518301725,0.0207771826535463,0.0407306142151355,0.0225423369556665,186,20,34.890282542981716,166
4700,0.0016636871732771,48.31909496884659,12.982601760473544,0.2610098719596863,0.1651269197463989,0.073330134153366,0.1864424496889114,0.6962677836418152,101469,0.0311338920146226,0.0209994632750749,0.0407491847872734,0.0226819943636655,145,4,35.33649320837305,141
4800,0.0015508712967857,48.3388012475961,12.980643196079283,0.2608985900878906,0.1651768386363983,0.072605662047863,0.1864254772663116,0.6977502107620239,101626,0.0312249474227428,0.0211882889270782,0.0407578870654106,0.0228029787540435,168,11,35.35815805151682,157
4900,0.0016406294889748,48.09691328076356,12.970934786036208,0.2610797882080078,0.1654087752103805,0.0734468325972557,0.1863962262868881,0.6991773247718811,101828,0.0313211344182491,0.0213535539805889,0.040782656520605,0.0229375455528497,218,16,35.12597849472735,202
5000,0.0015398660907521,47.63538179231809,12.969004551760548,0.2608565092086792,0.1653934866189956,0.0728726536035537,0.1862227618694305,0.6983226537704468,102045,0.031374379992485,0.0214653424918651,0.0407985746860504,0.0230729915201663,224,7,34.666377240557544,217
5100,0.0017359557095915,47.817007638552354,12.97638581199784,0.2610929012298584,0.1652608960866928,0.0732650384306907,0.1867042481899261,0.6984422206878662,102163,0.0314717143774032,0.0216592662036418,0.0408203192055225,0.02319822832942,131,13,34.84062182655451,118
5200,0.0016097864136099,48.39071354631891,12.976659361725089,0.2610737085342407,0.1653841286897659,0.0728539153933525,0.186602234840393,0.6982287168502808,102301,0.0315473340451717,0.021799674257636,0.0408270396292209,0.0232899468392133,183,45,35.41405418459382,138
5300,0.0014772278955206,48.02439432313978,12.979591149850233,0.2611039578914642,0.1653606295585632,0.0725580900907516,0.1867990493774414,0.6986420154571533,102429,0.0316543206572532,0.0219952911138534,0.0408431179821491,0.0234063938260078,140,12,35.04480317328955,128
5400,0.0014666942879557,47.71933340438905,12.980483476868685,0.2610930204391479,0.1653031110763549,0.0736460760235786,0.1866111010313034,0.6976203918457031,102591,0.0317309089004993,0.0221675746142864,0.0408636219799518,0.0235364623367786,174,12,34.73884992752036,162
5500,0.0018490878865122,48.17684027397036,12.979570587038772,0.2610014677047729,0.1653928011655807,0.0733980387449264,0.186532437801361,0.6985764503479004,102761,0.0317842178046703,0.0222728531807661,0.0408818796277046,0.0236611664295196,186,16,35.19726968693159,170
5600,0.0015113647095859,48.62726166232183,12.97888339532206,0.2610766589641571,0.165300190448761,0.0727851465344429,0.1866312623023986,0.6979871988296509,102924,0.0318746715784072,0.0224720425903797,0.0409003943204879,0.0237804427742958,168,5,35.64837826699977,163
5700,0.0015580705367028,48.07026546334468,12.971271807436178,0.2611120343208313,0.1655999273061752,0.0728286653757095,0.1866905689239502,0.6990648508071899,103071,0.0319545306265354,0.022627905011177,0.040913563221693,0.0238928031176328,156,9,35.0989936559085,147
5800,0.0018245899118483,48.17776239425241,12.96972191784101,0.2610252797603607,0.165739506483078,0.0725340619683265,0.186432808637619,0.6982091069221497,103244,0.0320176891982555,0.022730503231287,0.0409246943891048,0.0239953864365816,185,12,35.2080404764114,173
5900,0.0014155230019241,48.41773044129965,12.971779152523748,0.260964959859848,0.1656263619661331,0.0725877657532692,0.1864132732152938,0.6990053653717041,103422,0.0320724435150623,0.0228356160223484,0.0409417934715747,0.0241043176501989,184,6,35.4459512887759,178
6000,0.0014301992487162,48.90175025509101,12.978424364286866,0.2610222697257995,0.165420576930046,0.0721889436244964,0.1866244673728943,0.6973140835762024,103540,0.0321591049432754,0.0229989513754844,0.0409589372575283,0.0242043416947126,128,10,35.92332589080414,118
6100,0.0013604497071355,48.40119780093844,12.971522906983877,0.2609885931015014,0.1654951423406601,0.0722815543413162,0.1864270567893982,0.6975419521331787,103644,0.032245323061943,0.0231898017227649,0.0409728810191154,0.0243100393563509,107,3,35.42967489395456,104
6200,0.0013517698971554,48.75108942220899,12.968827952997724,0.2610093951225281,0.165628969669342,0.0721890181303024,0.1865793913602829,0.6993492245674133,103807,0.0323005989193916,0.0233006384223699,0.0409928150475025,0.0244320034980773,165,2,35.782261469211264,163
6300,0.0015488368226215,48.138798561131125,12.978085823847987,0.2610802948474884,0.165601298213005,0.0721161440014839,0.1866481006145477,0.6991685032844543,103930,0.032388512045145,0.0234836712479591,0.0410096123814582,0.0245265308767557,131,8,35.160712737283134,123
6400,0.0016677816165611,48.88065686938721,12.974638325804204,0.2610692381858825,0.165679395198822,0.0716315433382988,0.1865110695362091,0.699245810508728,104114,0.0324284695088863,0.0235678385943174,0.0410332269966602,0.0246534328907728,191,7,35.906018543583,184
6500,0.0014547918690368,48.956523755312745,12.97363297323625,0.2609854936599731,0.1657478958368301,0.0717903971672058,0.1864783763885498,0.699469804763794,104273,0.0325000844895839,0.0237499512732028,0.0410648360848426,0.0248099789023399,167,8,35.982890782076495,159
6600,0.0013898521428927,48.76909392698128,12.980139313183823,0.2610211968421936,0.1654779762029647,0.0719674080610275,0.1867965757846832,0.6989868879318237,104373,0.0325730927288532,0.0238987561315298,0.0410742051899433,0.0248893704265356,117,17,35.78895461379746,100
6700,0.0015368682797998,48.97541175344258,12.971181376672124,0.2612262964248657,0.1657130271196365,0.0721633806824684,0.1868007928133011,0.6998220682144165,104520,0.0326362438499927,0.024044157937169,0.0410988293588161,0.0249966196715831,152,5,36.00423037677045,147
6800,0.0015501563902944,49.08536029814677,12.97273499517005,0.2609950602054596,0.1655767112970352,0.0723448768258094,0.1866732984781265,0.6996110081672668,104651,0.0326936952769756,0.0241670161485672,0.0411141887307167,0.0251131355762481,136,5,36.11262530297672,131
6900,0.0014316872693598,48.94606042731148,12.964594617273688,0.2611581683158874,0.1656974107027053,0.0714830532670021,0.1866724789142608,0.7008200883865356,104772,0.0327697843313217,0.0242987070232629,0.041140392422676,0.0252223312854766,128,7,35.98146581003779,121
7000,0.0014401156222447,48.85404722366567,12.967957563838056,0.2612014412879944,0.1657001674175262,0.0712177902460098,0.1866944432258606,0.7000266909599304,104939,0.0328172445297241,0.0244124755263328,0.0411483012139797,0.0252972748130559,173,6,35.88608965982761,167
7100,0.0012962741311639,49.259985209371855,12.977101829564488,0.2611366212368011,0.1655617654323578,0.0708993896842002,0.18690025806427,0.6992800235748291,105033,0.0328854583203792,0.0245252512395381,0.0411584451794624,0.0253741554915905,100,6,36.282883379807366,94
7200,0.00145898910705,49.06687264143983,12.965794203983092,0.2611066699028015,0.1657910943031311,0.0708969160914421,0.1867536306381225,0.6988989114761353,105147,0.032937042415142,0.0246487539261579,0.0411775819957256,0.025480268523097,117,3,36.101078437456735,114
7300,0.0014679983723908,48.92542590206736,12.967434324711991,0.2612425684928894,0.1657962203025818,0.0714958235621452,0.1868728101253509,0.6991738080978394,105239,0.0330129265785217,0.0247995443642139,0.0411964356899261,0.0255683250725269,98,6,35.95799157735537,92
7400,0.0014854243490844,49.20399857847176,12.965789079576522,0.2611523568630218,0.1656824350357055,0.0712608769536018,0.1868950128555297,0.7002870440483093,105377,0.0330573767423629,0.0249111074954271,0.041213508695364,0.0256735514849424,140,2,36.23820949889524,138
7500,0.0015957379946485,49.17451753772469,12.966940942012728,0.2611586451530456,0.1658223569393158,0.0711291208863258,0.1867767423391342,0.6998002529144287,105466,0.0331371091306209,0.025043373927474,0.0412283167243003,0.0257533676922321,94,5,36.20757659571196,89
7600,0.0014321940252557,48.76026028301455,12.970980319273895,0.2612146139144897,0.1658231168985366,0.0705152973532676,0.1868676543235778,0.6997520923614502,105595,0.0331913642585277,0.0251451376825571,0.0412466041743755,0.0258440151810646,134,5,35.789279963740654,129
7700,0.0014708989765495,49.259617919555374,12.965202375001963,0.261215329170227,0.1658828556537628,0.0704498216509819,0.1867635548114776,0.7002387046813965,105732,0.0332394689321517,0.0252513829618692,0.0412579029798507,0.0259302612394094,143,6,36.29441554455341,137
7800,0.0013631046749651,49.22272048131486,12.963463223280415,0.261228859424591,0.1658584177494049,0.0703533515334129,0.1868951320648193,0.6985572576522827,105875,0.0332910567522048,0.0253643244504928,0.0412802211940288,0.0260450504720211,144,1,36.259257258034445,143
7900,0.0013171439059078,49.4483966560506,12.963839361468724,0.2611540853977203,0.1658697426319122,0.0704358890652656,0.1866796016693115,0.6995214223861694,105984,0.0333472155034542,0.0254812166094779,0.0412977486848831,0.0261500123888254,115,6,36.484557294581876,109
8000,0.0014476797077804,49.56014736055006,12.96087787480485,0.261132538318634,0.1660482436418533,0.0699439868330955,0.1866762638092041,0.7008786201477051,106097,0.0334024578332901,0.0255817975848913,0.0413123480975627,0.0262494422495365,117,4,36.59926948574521,113
8100,0.0014232278335839,49.38676263920235,12.963864972061836,0.2612038850784302,0.1659266203641891,0.0698251947760582,0.1868677586317062,0.7010414600372314,106201,0.0334606170654296,0.0257064886391162,0.041326992213726,0.0263235289603471,106,2,36.42289766714052,104
8200,0.0012707923306152,49.26494566405644,12.974032455088988,0.261159747838974,0.1656564623117447,0.0701018646359443,0.1869552731513977,0.6986153721809387,106327,0.0335098095238208,0.025793993845582,0.0413418672978878,0.0264093335717916,126,0,36.29091320896745,126
8300,0.0013690292835235,49.28926950460279,12.968447536865211,0.2612149715423584,0.1659314334392547,0.0697469860315322,0.1868879199028015,0.7002665996551514,106446,0.0335634052753448,0.0259068552404642,0.0413650050759315,0.0265074763447046,120,1,36.32082196773758,119
8400,0.0013158363290131,48.7197531713974,12.965369859545238,0.2611683011054992,0.165921151638031,0.069731555879116,0.186891496181488,0.6991420984268188,106550,0.0336126275360584,0.0260155480355024,0.0413766652345657,0.0265936646610498,109,5,35.754383311852166,104
8500,0.0015181278577074,49.6605815243086,12.9640528944086,0.2613806128501892,0.166001409292221,0.0698660910129547,0.1870422214269638,0.7009338140487671,106656,0.0336808003485202,0.0261427741497755,0.0413997694849967,0.0266895070672035,108,2,36.6965286299,106
8600,0.0013934263261035,49.56446399759635,12.964624074591114,0.2612155675888061,0.1659851372241974,0.0692859068512916,0.1868979334831237,0.7003188133239746,106744,0.0337269827723503,0.0262425858527421,0.0414129607379436,0.0267783291637897,91,3,36.599839923005234,88
8700,0.0013552540913224,49.7413864641989,12.962848027457214,0.2612611651420593,0.1659383475780487,0.0695826113224029,0.1869787871837616,0.7004128694534302,106845,0.0337783731520175,0.0263383891433477,0.0414324514567852,0.0268751606345176,101,0,36.778538436741684,101
8800,0.0012467241613194,49.738816630334654,12.964711166959082,0.2611585557460785,0.165889486670494,0.0693988725543022,0.1869309246540069,0.6997016668319702,106944,0.0338178314268589,0.02640744112432,0.0414404980838298,0.0269487854093313,103,4,36.77410546337557,99
8900,0.0012654472375288,49.30353341224912,12.953637877968792,0.2612106502056122,0.1662123203277588,0.0692117661237716,0.1867690235376358,0.7009540796279907,107048,0.0338840372860431,0.0265466142445802,0.0414590276777744,0.0270424969494342,106,2,36.34989553428032,104
9000,0.0013581726234406,49.448565842917056,12.965562330638946,0.2612221837043762,0.165992796421051,0.0697566568851471,0.1869775354862213,0.7009458541870117,107153,0.0339277423918247,0.0266428291797637,0.0414765663444995,0.0271264817565679,109,4,36.48300351227811,105
9100,0.0012908854987472,49.46544316223257,12.960834686731602,0.26126429438591,0.1660506576299667,0.0693812742829322,0.1870621293783188,0.7009870409965515,107260,0.0339870266616344,0.0267705544829368,0.041498452425003,0.0272193383425474,115,8,36.504608475500966,107
9200,0.0012927716597914,49.758929105264194,12.966469717755862,0.2612165510654449,0.1660360097885131,0.0690163373947143,0.1870104521512985,0.7002815008163452,107354,0.034029122442007,0.0268740691244602,0.0415146723389625,0.0272957738488912,97,3,36.79245938750833,94
9300,0.0013117894995957,49.90652817274932,12.959576342860288,0.261270135641098,0.1661743372678756,0.069559670984745,0.1869723349809646,0.7014479637145996,107483,0.0340725034475326,0.0269526056945323,0.0415414161980152,0.0274065546691417,131,2,36.94695182988903,129
9400,0.0013635685900226,49.751017947228846,12.9592693290234,0.2612967193126678,0.1661100685596466,0.0688874199986457,0.1869748383760452,0.7015146613121033,107594,0.0341184996068477,0.0270431898534297,0.0415571443736553,0.0274904314428567,116,5,36.791748618205446,111
9500,0.0012377018574625,49.85386590213335,12.962333404035071,0.2611965537071228,0.1659567058086395,0.0693227648735046,0.1869216859340667,0.7001674175262451,107663,0.0341753102838993,0.0271544884890317,0.0415701456367969,0.027566909790039,72,3,36.89153249809828,69
9600,0.0012913793325424,49.41577728241104,12.95930706497096,0.2612785100936889,0.1659402996301651,0.0692079216241836,0.1870866268873214,0.7010538578033447,107757,0.0342273525893688,0.0272747091948986,0.0415875911712646,0.0276479572057724,97,3,36.456470217440085,94
9700,0.001346306875348,49.70650988253982,12.971418039890027,0.2612944841384887,0.1659720689058303,0.0687319114804267,0.1872230768203735,0.7004280090332031,107898,0.0342535711824893,0.0273591615259647,0.0416058413684368,0.0277249403297901,146,5,36.735091842649794,141
9800,0.0013275728560984,49.621280365130986,12.968915129710918,0.2612203657627105,0.1658439934253692,0.069478191435337,0.1870591640472412,0.6989402770996094,107983,0.034298051148653,0.0274523124098777,0.0416236296296119,0.0278158672153949,88,3,36.65236523542006,85
9900,0.0013475843006744,49.3840918102574,12.962661437415976,0.261375367641449,0.1660953611135482,0.0690920054912567,0.1872228980064392,0.7005855441093445,108076,0.0343427844345569,0.0275270566344261,0.0416427589952945,0.0278978049755096,98,5,36.42143037284143,93
10000,0.0013858808670192,49.90123656576085,12.961246430500305,0.2612646818161011,0.166101261973381,0.0687161087989807,0.1870850026607513,0.7013872265815735,108133,0.034396007657051,0.0276308171451091,0.0416589081287384,0.0279833301901817,58,1,36.939990135260544,57
10100,0.0012477990239858,50.125883587584205,12.961983955729524,0.2612417340278625,0.1659609079360962,0.0689829364418983,0.1870682537555694,0.7002778053283691,108222,0.0344445668160915,0.0277302134782075,0.041673045605421,0.028061443939805,89,0,37.16389963185468,89
10200,0.0012701845262199,49.82066119612842,12.963948847811537,0.2612199485301971,0.1658477038145065,0.0691266953945159,0.1872444450855255,0.6991398930549622,108297,0.0344904325902462,0.0278257075697183,0.0416864827275276,0.0281354673206806,76,1,36.85671234831688,75
10300,0.0013149374863132,49.63453045024698,12.961337294522828,0.261223554611206,0.1660870611667633,0.0684329718351364,0.1871082782745361,0.6996116638183594,108394,0.0345235280692577,0.0278917886316776,0.0416992083191871,0.0281984787434339,102,5,36.67319315572415,97
10400,0.0011833052849397,50.15918408118463,12.95910591696705,0.2613169550895691,0.1661411821842193,0.06876852363348,0.18709397315979,0.7004154920578003,108498,0.0345667153596878,0.0279977433383464,0.0417183823883533,0.0282821524888277,105,1,37.20007816421757,104
10500,0.0011302380589768,50.01596205963175,12.96611449139296,0.2612090110778808,0.1659822314977646,0.0686400160193443,0.1870840489864349,0.7005965709686279,108580,0.0346051976084709,0.028075298294425,0.0417331382632255,0.0283681917935609,82,0,37.04984756823879,82
10600,0.0014324249932542,49.33520292438948,12.95915228571242,0.2613593339920044,0.1662086099386215,0.0682549923658371,0.1871805936098098,0.700499415397644,108658,0.0346570760011673,0.0281561445444822,0.0417474694550037,0.0284209102392196,83,5,36.37605063867706,78
10700,0.001331408158876,50.084598051661786,12.95392820442964,0.2613537907600403,0.1663349717855453,0.0681794360280036,0.1871078610420227,0.7011735439300537,108747,0.0346976295113563,0.02824910543859,0.0417640805244445,0.0285025313496589,89,0,37.13066984723214,89
10800,0.0012780998367816,50.09479818971128,12.961293461992934,0.2612593173980713,0.1660899668931961,0.0684814378619194,0.1871640980243683,0.7000859975814819,108836,0.0347421616315841,0.0283485408872365,0.041786465793848,0.0285960640758276,91,2,37.133504727718346,89
10900,0.0013398274313658,50.29733972989672,12.961800922600004,0.2612954378128052,0.1660271883010864,0.0682634562253952,0.1871865093708038,0.7008304595947266,108933,0.0347775556147098,0.0283814612776041,0.0418029613792896,0.0286786537617445,98,1,37.335538807296714,97
11000,0.0011940877884626,50.4238216540496,12.959084491576071,0.2613807916641235,0.1661324203014373,0.0689643695950508,0.1871385872364044,0.7016215920448303,109003,0.0348213985562324,0.0284630097448825,0.0418188981711864,0.0287477560341358,70,0,37.464737162473526,70
11100,0.0013478007167577,50.03417764452844,12.95536511105616,0.261277973651886,0.1662144809961319,0.0679841116070747,0.1871394217014312,0.7014650106430054,109086,0.0348567366600036,0.0285261292010545,0.0418257601559162,0.0288081616163253,85,2,37.07881253347228,83
11200,0.0012804467696696,50.43209563708658,12.95536511105616,0.2613511681556701,0.1662815660238266,0.0677603408694267,0.1873087286949157,0.7017953395843506,109177,0.0349050909280777,0.0286310315132141,0.0418439805507659,0.0288855377584695,93,2,37.47673052603042,91
11300,0.0013562005478888,50.127287008587984,12.961484792635211,0.2612790763378143,0.1661393046379089,0.068125419318676,0.1871629059314727,0.7009719610214233,109257,0.0349374264478683,0.0287063512951135,0.0418598018586635,0.0289611667394638,82,2,37.16580221595277,80
11400,0.0011882578255608,50.229580474855,12.95979990096578,0.2614195346832275,0.1662334650754928,0.0680587142705917,0.1872674822807312,0.7024151682853699,109348,0.0349853709340095,0.0288019925355911,0.0418824963271617,0.0290382225066423,91,0,37.26978057388922,91
11500,0.001206551445648,50.39749867627785,12.954845623067566,0.2612652778625488,0.1662539988756179,0.0681321769952774,0.1871045231819152,0.7019644379615784,109422,0.0350168906152248,0.028887266293168,0.041896678507328,0.0291160773485898,76,2,37.44265305321028,74
11600,0.0012429238995537,50.04440183534514,12.95722120670645,0.2613632082939148,0.1662675738334655,0.0680657103657722,0.1871963739395141,0.7007708549499512,109483,0.0350759588181972,0.0289904717355966,0.041907612234354,0.0291688982397317,64,3,37.08718062863869,61
11700,0.0013186926953494,50.25387721096523,12.953675884399198,0.2613778710365295,0.1663815975189209,0.0681303739547729,0.1871233880519867,0.702041745185852,109568,0.035111166536808,0.0290595795959234,0.0419191271066665,0.0292330291122198,85,0,37.30020132656603,85
11800,0.0012547492515295,49.91116546194491,12.963349908033024,0.2613937556743622,0.1660600751638412,0.0679515972733497,0.1874451637268066,0.7010459899902344,109654,0.0351568944752216,0.0291783455759286,0.0419411174952983,0.0293164774775505,89,3,36.94781555391189,86
11900,0.0011135812383145,50.21123428974903,12.961736286869334,0.2613170742988586,0.1660114526748657,0.0676938965916633,0.1873732656240463,0.7002339363098145,109725,0.0351953022181987,0.0292600486427545,0.0419523082673549,0.0293871965259313,73,2,37.2494980028797,71
12000,0.0015482100425288,49.8760646658537,12.957763996132242,0.2613144516944885,0.1661330908536911,0.0678190067410469,0.1872576773166656,0.7006093263626099,109811,0.0352260991930961,0.0293186381459236,0.0419661961495876,0.0294545833021402,88,2,36.918300669721454,86
12100,0.0010727841872721,50.47394022516468,12.95687440681613,0.2613406777381897,0.166219025850296,0.0678988397121429,0.1872435510158538,0.7015796899795532,109894,0.0352711789309978,0.0294057633727788,0.0419799238443374,0.0295103900134563,85,2,37.517065818348556,83
12200,0.0011005781125277,50.1642447954488,12.959497668496365,0.2613629996776581,0.1661745905876159,0.0678385272622108,0.1873347163200378,0.7006072998046875,109963,0.0353154949843883,0.0294717289507389,0.0419968850910663,0.0295870974659919,70,1,37.20474712695244,69
12300,0.001140805077739,50.37029593486413,12.953339906305247,0.2613189220428467,0.1663327813148498,0.0678802281618118,0.1871805936098098,0.7016459703445435,110040,0.035349290817976,0.029531056061387,0.0420121327042579,0.029658542945981,77,0,37.416956028558886,77
12400,0.0012428686022758,50.5013816392276,12.95477534041214,0.2613768577575683,0.1663258075714111,0.0680915638804435,0.1872752159833908,0.7017960548400879,110127,0.0353753939270973,0.0295948479324579,0.042027223855257,0.0297260582447052,88,1,37.54660629881546,87
12500,0.0011696821311488,50.290905916732775,12.95575013455986,0.2613844275474548,0.1662735641002655,0.0677554309368133,0.1872675269842147,0.7018420696258545,110204,0.0354218631982803,0.0296856835484504,0.0420452021062374,0.0298018511384725,79,2,37.33515578217292,77
12600,0.0012074242113158,50.50798762876671,12.950585036103163,0.261389672756195,0.1664139628410339,0.0676590651273727,0.1872514188289642,0.7026568651199341,110280,0.0354506336152553,0.0297449454665184,0.0420575067400932,0.0298694092780351,76,0,37.55740259266355,76
12700,0.001099799061194,50.08900283351336,12.951111356144745,0.2613436579704284,0.1664440035820007,0.06787571310997,0.1871535331010818,0.7024980187416077,110338,0.035495601594448,0.0298523791134357,0.042073406279087,0.0299428235739469,58,0,37.13789147736862,58
12800,0.0012173429131507,50.60220488362791,12.958858092411704,0.2613357305526733,0.1662329286336898,0.0677305907011032,0.1873304694890976,0.7024883031845093,110403,0.0355397723615169,0.0299497302621603,0.0420937463641166,0.0300264861434698,65,0,37.64334679121621,65
12900,0.0011170171201229,50.37062400390352,12.955645008572496,0.2613762617111206,0.1662780493497848,0.0673110410571098,0.1873462200164795,0.7012712359428406,110493,0.0355698876082897,0.0300127398222684,0.0421096161007881,0.0300901141017675,90,0,37.414978995331026,90
13000,0.0012172122951596,50.68594973475077,12.95669286731733,0.2613530158996582,0.1662352085113525,0.067478023469448,0.1873001903295517,0.7023844718933105,110582,0.0355988964438438,0.0300838761031627,0.0421295352280139,0.0301701016724109,89,0,37.72925686743344,89
13100,0.0011176440166309,50.50632738508942,12.9592012132702,0.2613510489463806,0.1662219017744064,0.0674690082669258,0.1873150169849395,0.7015078663825989,110653,0.0356394872069358,0.0301517844200134,0.0421389527618885,0.0302266292273998,75,4,37.54712617181922,71
13200,0.0012105593923479,50.84958627428684,12.956137109585704,0.2613765299320221,0.1662739664316177,0.0676228404045105,0.1872609406709671,0.7022281289100647,110736,0.0356659106910228,0.0301984567195177,0.0421531125903129,0.0302854254841804,84,1,37.89344916470114,83
13300,0.001173807773739,50.76356248491655,12.955006638529465,0.2613343596458435,0.1662889719009399,0.0674972161650657,0.1872338354587555,0.7010875940322876,110834,0.0356936566531658,0.0302364565432071,0.0421759933233261,0.0303739607334136,100,2,37.80855584638708,98
13400,0.0010536822956055,50.41764979617539,12.954219189146343,0.2613205909729004,0.166389986872673,0.0672862082719802,0.1871853470802307,0.7025936245918274,110894,0.0357309505343437,0.0302741955965757,0.042185753583908,0.0304260980337858,62,2,37.463430607029046,60
13500,0.0012475885450839,50.35356876724316,12.954680460631472,0.2612941265106201,0.16635362803936,0.0675445199012756,0.1871807873249054,0.7025028467178345,110978,0.0357504524290561,0.0303080454468727,0.042198609560728,0.0304906032979488,86,2,37.39888830661169,84
13600,0.0011542283464223,50.55590017407228,12.958442738193725,0.2613949477672577,0.1661797761917114,0.0673994123935699,0.1873612850904464,0.7013837099075317,111044,0.0357895232737064,0.0303728431463241,0.0422187857329845,0.0305642150342464,67,1,37.59745743587855,66
13700,0.0011061441618949,51.00069247644916,12.962288281381715,0.2612555921077728,0.1661655604839325,0.0673224702477455,0.1872488856315612,0.7011930346488953,111115,0.0358181707561016,0.0304435435682535,0.0422306172549724,0.0306327193975448,72,1,38.03840419506744,71
13800,0.0011715199798345,50.44287069663668,12.954492623947376,0.2612508535385132,0.1663434356451034,0.067513383924961,0.1872110068798065,0.7018564939498901,111176,0.0358556024730205,0.0305211264640092,0.0422450378537178,0.0306989531964063,63,2,37.48837807268931,61
13900,0.0011045972350984,50.694124288302575,12.95756196057548,0.2613687515258789,0.1662313789129257,0.067541092634201,0.1873767375946045,0.7025367021560669,111257,0.0358846895396709,0.0305872336030006,0.0422696880996227,0.0307755917310714,83,2,37.73656232772709,81
14000,0.0011667774524539,50.88194952343535,12.955233475995447,0.261254221200943,0.1662827432155609,0.067353256046772,0.1872363984584808,0.7018487453460693,111314,0.0359138175845146,0.0306555107235908,0.042282685637474,0.030844198539853,61,4,37.9267160474399,57
14100,0.0011302647180855,50.89211693676162,12.957393817895298,0.2612877488136291,0.1663203090429306,0.0669967755675315,0.1871916353702545,0.7021041512489319,111375,0.0359542965888977,0.0307496655732393,0.042295403778553,0.0309008043259382,62,1,37.934723118866316,61
14200,0.0011966184247285,50.78803283215886,12.956934175882008,0.2613395452499389,0.1663426160812378,0.0672949850559234,0.1872990429401397,0.7022806406021118,111456,0.0359829775989055,0.0308209359645843,0.0423113033175468,0.0309637449681758,81,0,37.83109865627685,81
14300,0.0012304589617997,50.787385583787,12.955889134832828,0.2613383531570434,0.1663112789392471,0.0672858729958534,0.1873385608196258,0.702660858631134,111532,0.0360071994364261,0.0308869685977697,0.0423276424407959,0.0310263205319643,76,0,37.83149644895417,76
14400,0.0012166353408247,50.648605407178906,12.957250294407636,0.2612568438053131,0.1662678271532058,0.0672289729118347,0.1872777938842773,0.7015339136123657,111608,0.0360320582985878,0.0309335179626941,0.0423402190208435,0.0310888271778821,77,1,37.69135511277127,76
14500,0.0011733893770724,50.95297081963872,12.954402222452806,0.261381983757019,0.1664237976074218,0.0670637413859367,0.1872822344303131,0.7020907402038574,111687,0.0360662676393985,0.0309911184012889,0.042358823120594,0.0311613380908966,79,0,37.998568597185916,79
14600,0.0011578755220398,50.72527277474652,12.952136411043853,0.2614222764968872,0.1662918776273727,0.0673930197954177,0.1873972713947296,0.7019471526145935,111755,0.036098662763834,0.0310633685439825,0.0423762165009975,0.0312279481440782,69,1,37.77313636370267,68
14700,0.0010550835868343,50.93423501761471,12.953316912557105,0.2614412903785705,0.1663912236690521,0.0669795274734497,0.1874642670154571,0.7025092840194702,111811,0.0361429192125797,0.0311525594443082,0.0423897542059421,0.0312932655215263,59,3,37.980918105057604,56
14800,0.0011536959791556,50.98376916882011,12.95680696784177,0.2613207995891571,0.1663665622472763,0.0670251920819282,0.1873612999916076,0.7020505666732788,111878,0.0361633040010929,0.0312050078064203,0.0423974283039569,0.0313435532152652,69,2,38.02696220097834,67
14900,0.001147870440036,50.894557478193335,12.953681313916409,0.2613779306411743,0.1664319932460785,0.066823698580265,0.1873314678668975,0.7030187845230103,111942,0.0361973047256469,0.0312556475400924,0.0424127392470836,0.0314056649804115,65,1,37.94087616427693,64
15000,0.0011959827970713,50.98480997673239,12.95375636970272,0.2614516019821167,0.166470393538475,0.0672104284167289,0.1874088943004608,0.703597903251648,111942,0.036247219890356,0.0313505344092845,0.0424297042191028,0.0314709022641181,0,0,38.031053607029676,0
15100,0.0013892627321183,51.1477912135621,12.957805874931571,0.2614137530326843,0.1663611978292465,0.0669972747564315,0.1874068975448608,0.7016416192054749,111942,0.0363051891326904,0.0314523391425609,0.0424414798617363,0.03152921423316,0,0,38.18998533863053,0
15200,0.0010579160880297,50.76977874575613,12.951348205014163,0.2613569498062134,0.1664252877235412,0.0667091235518455,0.1874250173568725,0.7031232714653015,111942,0.0363492220640182,0.0315169356763362,0.0424512699246406,0.0315795689821243,0,0,37.818430540741964,0
15300,0.0011601059231907,50.96441563575883,12.953612646992807,0.261407732963562,0.1663295924663543,0.0667145550251007,0.1874143034219741,0.7022024393081665,111942,0.0363963618874549,0.0315885506570339,0.0424616262316703,0.0316269546747207,0,0,38.010802988766024,0
15400,0.0010251635685563,51.10754522794629,12.95535808189868,0.2613177001476288,0.1663964241743087,0.0665354952216148,0.1873324066400528,0.7022753953933716,111942,0.0364414080977439,0.0316776484251022,0.0424713417887687,0.0316844396293163,0,0,38.15218714604761,0
15500,0.0010372599354013,50.73106322073242,12.951757454121402,0.2613673806190491,0.1663676351308822,0.0669354125857353,0.1873899400234222,0.702086329460144,111942,0.0364924632012844,0.0317543148994445,0.042486198246479,0.0317412354052066,0,0,37.77930576661102,0
15600,0.0010697635589167,51.08903654954675,12.955051366106112,0.2612837851047516,0.1663087606430053,0.0666961818933487,0.1873674690723419,0.7021619081497192,111942,0.0365326702594757,0.0318294279277324,0.0424913391470909,0.0317804776132106,0,0,38.133985183440636,0
15700,0.0011538199614733,50.99510141197436,12.956320223742429,0.2614206373691559,0.1663500070571899,0.0669452399015426,0.1874317526817321,0.7020467519760132,111942,0.0365823060274124,0.0318955928087234,0.0425083339214324,0.0318392366170883,0,0,38.03878118823193,0
15800,0.0010180557146668,51.114508773083394,12.95136959227299,0.2613528668880462,0.1663900017738342,0.0665049478411674,0.1873916387557983,0.7025763392448425,111942,0.0366288386285305,0.0319789573550224,0.0425169244408607,0.0318890362977981,0,0,38.163139180810404,0
15900,0.0011246879585087,51.1220443371414,12.95364075239308,0.261372447013855,0.1663780361413955,0.0664915591478347,0.187434583902359,0.7015961408615112,111942,0.0366730615496635,0.0320644788444042,0.0425250269472599,0.0319299697875976,0,0,38.168403584748326,0
16000,0.0011419391958042,51.09065444738807,12.950202065857203,0.2613952755928039,0.1664843112230301,0.0665523931384086,0.187383770942688,0.7023372650146484,111942,0.0367201194167137,0.0321329496800899,0.0425363779067993,0.0319807231426239,0,0,38.140452381530864,0
16100,0.0011421287199482,51.180452154585566,12.953341503097832,0.2614270746707916,0.1663402318954467,0.066699706017971,0.187501460313797,0.7027894258499146,111942,0.0367693230509758,0.0322187058627605,0.0425495766103267,0.0320323668420314,0,0,38.227110651487735,0
16200,0.0011050119064748,50.64325617058303,12.948437328586664,0.2613471150398254,0.1665542870759964,0.0665660426020622,0.1873289495706558,0.7033818960189819,111942,0.0368022993206977,0.0322663448750972,0.0425579808652401,0.0320794098079204,0,0,37.694818841996366,0
16300,0.0010161401005461,51.091470224371,12.95043790770548,0.2614032626152038,0.1665086597204208,0.0666032582521438,0.1873955875635147,0.7027491331100464,111942,0.036854613572359,0.0323631912469863,0.0425664894282817,0.0321185663342475,0,0,38.14103231666552,0
16400,0.0010068477131426,50.90385606087792,12.955049449200525,0.2613844275474548,0.1663738638162613,0.0665968358516693,0.1874400973320007,0.7024626731872559,111942,0.0369032360613346,0.032454527914524,0.0425758734345436,0.0321628861129283,0,0,37.9488066116774,0
16500,0.0010392407421022,51.116523431609565,12.95086175312158,0.2613809704780578,0.1664430946111679,0.0663954392075538,0.1874127388000488,0.7028275728225708,111942,0.0369395464658737,0.03251289203763,0.042585302144289,0.0322093591094017,0,0,38.165661678487986,0
16600,0.0010508339619264,51.07112954886773,12.950716849508094,0.2613999843597412,0.1664774268865585,0.0661513805389404,0.187467336654663,0.7026642560958862,111942,0.0369833000004291,0.0325807183980941,0.0425910390913486,0.0322404205799102,0,0,38.12041269935963,0
16700,0.0010328944772481,51.2141703117879,12.949301261503642,0.2613415122032165,0.1664318442344665,0.0664629712700843,0.1874085366725921,0.7035494446754456,111942,0.0370242446660995,0.0326629430055618,0.0425995849072933,0.0322898030281066,0,0,38.26486905028426,0
16800,0.0010238046525046,51.25270172840964,12.950243552669455,0.2613686919212341,0.1665350198745727,0.0662129297852516,0.1874080300331115,0.7027857303619385,111942,0.0370660461485385,0.032732643187046,0.0426071994006633,0.0323274321854114,0,0,38.302458175740185,0
16900,0.0011131125502288,51.07594903694756,12.951266487502696,0.261360228061676,0.1664419025182724,0.0659800022840499,0.1874683499336242,0.7024716138839722,111942,0.0371155962347984,0.0328129492700099,0.0426160208880901,0.0323685556650161,0,0,38.12468254944487,0
17000,0.0011153211817145,51.17602927271577,12.954167123489375,0.261464923620224,0.1664354354143142,0.0661595463752746,0.1875357329845428,0.703265368938446,111942,0.0371653884649276,0.0329011604189872,0.0426294207572937,0.0324151292443275,0,0,38.221862149226396,0
17100,0.0011408705031499,51.13859444221394,12.95311699982177,0.2613603472709656,0.1664208322763443,0.066053494811058,0.1874414086341858,0.7019908428192139,111942,0.0372002013027668,0.0329656191170215,0.0426331162452697,0.0324506014585495,0,0,38.18547744239217,0
17200,0.0011286733206361,51.22654350453536,12.951758092605676,0.2614299654960632,0.1664310991764068,0.0661438405513763,0.1874991059303283,0.7032681703567505,111942,0.0372480191290378,0.033044658601284,0.0426426231861114,0.0324882455170154,0,0,38.274785411929685,0
17300,0.0010998948710039,51.38310665760777,12.95442586082446,0.2614436745643616,0.16643026471138,0.0659250915050506,0.1875503361225128,0.7030724287033081,111942,0.0372893139719963,0.0331179425120353,0.0426498465240001,0.0325245112180709,0,0,38.42868079678331,0
17400,0.0010175519855692,51.35703244929268,12.95149312969489,0.2613294720649719,0.1663957834243774,0.0659612491726875,0.1874045580625534,0.7025331854820251,111942,0.0373280085623264,0.0331939384341239,0.0426538735628128,0.0325612537562847,0,0,38.40553931959779,0
17500,0.0011010463349521,51.20850590187733,12.952862810974914,0.2613855004310608,0.166384756565094,0.0661515146493911,0.1874748170375824,0.7019906044006348,111942,0.037372600287199,0.0332681685686111,0.0426619835197925,0.0325983837246894,0,0,38.25564309090242,0
17600,0.0010330911027267,51.318103890437925,12.949483130432071,0.2614577412605285,0.1665392816066742,0.0660566985607147,0.1875413954257965,0.7032030820846558,111942,0.0374180935323238,0.0333469621837139,0.0426728837192058,0.0326371900737285,0,0,38.368620760005854,0
17700,0.0010318956337869,51.377192587934,12.950504290400126,0.2614036500453949,0.1664684861898422,0.0662810280919075,0.1874805688858032,0.7032355070114136,111942,0.0374569408595562,0.0334131717681884,0.0426801368594169,0.0326803252100944,0,0,38.42668829753387,0
17800,0.0010417104931548,51.33327684503939,12.951424178142368,0.2614193856716156,0.1664847582578659,0.0658137425780296,0.1874911040067672,0.7024595737457275,111942,0.0374902971088886,0.0334755256772041,0.0426881723105907,0.0327126905322074,0,0,38.381852666897025,0
17900,0.0010685950983315,51.44950992087558,12.948461253513877,0.2614399492740631,0.1665687710046768,0.0665836781263351,0.1874288022518158,0.7038075923919678,111942,0.0375359579920768,0.0335574932396411,0.0426944345235824,0.0327480658888816,0,0,38.5010486673617,0
18000,0.0009753238991834,51.39650369192494,12.949724676906245,0.2613859176635742,0.1665972918272018,0.065801978111267,0.1874792277812957,0.7033102512359619,111942,0.0375707596540451,0.0336247570812702,0.0427018627524375,0.032785415649414,0,0,38.4467790150187,0
18100,0.0010738380951806,51.31205659093303,12.950441099157969,0.2613967359066009,0.1664419919252395,0.0657244101166725,0.1875960230827331,0.7028171420097351,111942,0.0376064255833625,0.0336875692009925,0.0427095927298069,0.0328209847211837,0,0,38.36161549177506,0
18200,0.0009926524944603,51.40842467362325,12.948977426038464,0.2614124417304992,0.1665096879005432,0.0656989738345146,0.1875424981117248,0.7026230096817017,111942,0.0376484058797359,0.033753115683794,0.0427160188555717,0.0328528992831707,0,0,38.45944724758479,0
18300,0.0010354962432757,51.41904879424339,12.951277340521145,0.2614336609840393,0.166437491774559,0.0659206211566925,0.1876244246959686,0.7027958035469055,111942,0.037677738815546,0.0338086187839508,0.0427223816514015,0.0328814312815666,0,0,38.46777145372224,0
18400,0.001216682838276,51.41117012557936,12.951881002576894,0.2614020109176636,0.1665045917034149,0.0657590106129646,0.1875092685222625,0.703569233417511,111942,0.0377195999026298,0.0338884852826595,0.0427310802042484,0.0329245366156101,0,0,38.45928912300246,0
18500,0.0010810028761625,51.42042658280028,12.949174914942065,0.2613957822322845,0.1664401143789291,0.065727025270462,0.1875883638858795,0.7032791376113892,111942,0.0377622433006763,0.0339695736765861,0.0427372679114341,0.0329579971730709,0,0,38.47125166785822,0
18600,0.000971911184024,51.565127288638266,12.948652338662594,0.2614147365093231,0.166559562087059,0.0658268705010414,0.1874565333127975,0.7033429741859436,111942,0.0377949960529804,0.0340122729539871,0.0427459292113781,0.0329975672066211,0,0,38.61647494997567,0
18700,0.001091782702133,51.37101322031259,12.952011578279006,0.261366605758667,0.1665238887071609,0.0659306123852729,0.1874963045120239,0.7033661603927612,111942,0.0378336980938911,0.0340885110199451,0.0427491143345832,0.0330244004726409,0,0,38.419001642033585,0
18800,0.0009787548333406,51.554361941192,12.948221053225652,0.2614398598670959,0.1665653586387634,0.0657900646328926,0.1875818073749542,0.703481137752533,111942,0.0378792732954025,0.0341705381870269,0.0427582077682018,0.0330617949366569,0,0,38.60614088796635,0
18900,0.0009505768539384,51.47061524925903,12.950339612117428,0.2614236176013946,0.166477620601654,0.0657968893647193,0.1876099705696106,0.7030425071716309,111942,0.0379115790128707,0.0342341847717762,0.0427642352879047,0.0330912955105304,0,0,38.52027563714161,0
19000,0.0010700473794713,51.47102729704485,12.947590152132566,0.261416882276535,0.1665005087852478,0.0659461095929145,0.1875942349433899,0.7032947540283203,111942,0.037942424416542,0.034289177507162,0.0427732095122337,0.0331261977553367,0,0,38.52343714491228,0
19100,0.0009941416792571,51.29031949472241,12.949074095575185,0.2614526152610779,0.1665777564048767,0.0658653303980827,0.1876144558191299,0.7035699486732483,111942,0.0379772745072841,0.0343481935560703,0.0427782461047172,0.0331538990139961,0,0,38.341245399147226,0
19200,0.0009719488443806,51.37420302368517,12.953513640781653,0.261352390050888,0.1664396822452545,0.065347284078598,0.1875580847263336,0.703123927116394,111942,0.0380114167928695,0.0344222150743007,0.0427807345986366,0.0331836901605129,0,0,38.42068938290352,0
19300,0.001057299086824,51.446205655529205,12.949155771844293,0.2614434659481048,0.166573166847229,0.0656305029988288,0.1876040399074554,0.7026687264442444,111942,0.0380521863698959,0.0344859957695007,0.0427913889288902,0.0332208238542079,0,0,38.49704988368491,0
19400,0.0010892873397096,51.57334670872491,12.949161514764764,0.2614692151546478,0.1666028648614883,0.065407671034336,0.1876176297664642,0.7038964033126831,111942,0.0380918532609939,0.0345659740269184,0.0427992977201938,0.0332534052431583,0,0,38.624185193960145,0
19500,0.0009344745194539,51.53205551253384,12.948156300308511,0.2614499628543854,0.1665681898593902,0.0655562281608581,0.1876232326030731,0.7028294205665588,111942,0.0381239876151084,0.034628078341484,0.042804405093193,0.0332828313112258,0,0,38.583899212225326,0
19600,0.0011060768738389,51.27771731861291,12.948778670021886,0.2613886594772339,0.1665360033512115,0.0655337423086166,0.1875461041927337,0.7034102082252502,111942,0.0381614454090595,0.0346921421587467,0.0428077988326549,0.0333130694925785,0,0,38.32893864859102,0
19700,0.0009685840341262,51.55668936844479,12.94986571818011,0.2614033818244934,0.166467398405075,0.0655514597892761,0.1876238882541656,0.7034403085708618,111942,0.0381955578923225,0.0347508825361728,0.0428157523274421,0.0333487764000892,0,0,38.60682365026469,0
19800,0.0010395417921245,51.268813824334806,12.953691214818209,0.2613618969917297,0.1663818657398224,0.0655985549092292,0.1876658052206039,0.7018613815307617,111942,0.0382339097559452,0.034825712442398,0.0428185500204563,0.0333747416734695,0,0,38.3151226095166,0
19900,0.0012292406754568,51.533118047575584,12.951051028779792,0.2613250017166137,0.1665114313364029,0.0654614120721817,0.1875318884849548,0.7031517028808594,111942,0.0382630936801433,0.034877847880125,0.0428234674036502,0.0334017500281333,0,0,38.58206701879579,0
20000,0.0009254534961655,51.6877257837087,12.948415636766576,0.2614480853080749,0.1665802299976349,0.0656336322426796,0.1875824928283691,0.7037925124168396,111942,0.0383092388510704,0.0349600166082382,0.0428329296410083,0.0334336161613464,0,0,38.739310146942124,0
20100,0.0011595819378271,51.76153406169082,12.951236801443734,0.2614256143569946,0.1664455085992813,0.0654978603124618,0.1876469254493713,0.7028448581695557,111942,0.0383328571915626,0.0350072905421257,0.0428386591374874,0.0334619991481304,0,0,38.81029726024708,0
20200,0.0010321128647774,51.46532362052402,12.948962750323329,0.261398434638977,0.1665615886449813,0.0655266270041465,0.1875472664833068,0.7037888169288635,111942,0.0383703708648681,0.0350800119340419,0.0428443141281604,0.0334917940199375,0,0,38.516360870200685,0
20300,0.0010563754476606,51.75079865895758,12.949564814394192,0.2613950371742248,0.1664832532405853,0.0654137358069419,0.1876603215932846,0.7030918598175049,111942,0.0383960902690887,0.0351240970194339,0.042851410806179,0.0335220135748386,0,0,38.801233844563384,0
20400,0.0011006930144503,51.58453985727142,12.951021982569612,0.2613731920719147,0.1665176004171371,0.0653816685080528,0.1876102685928344,0.7030621767044067,111942,0.0384269617497921,0.0351827479898929,0.0428541377186775,0.0335465520620346,0,0,38.63351787470181,0
20500,0.0009645732934586,51.72001736608432,12.94659040307208,0.2614542841911316,0.1666148900985717,0.0655579641461372,0.1876647174358368,0.7037044763565063,111942,0.0384563170373439,0.0352324694395065,0.0428621433675289,0.0335757806897163,0,0,38.77342696301224,0
20600,0.0010107748676091,51.72508317659874,12.94903931981747,0.2614514827728271,0.1665529012680053,0.065506063401699,0.1876641362905502,0.7033463716506958,111942,0.0384872965514659,0.0352868475019931,0.042867511510849,0.0336016118526458,0,0,38.77604385678127,0
20700,0.0012091663666069,51.55508487263649,12.951414282407532,0.2614628076553345,0.1665071696043014,0.0656054392457008,0.1876978278160095,0.703667163848877,111942,0.03851780295372,0.0353432148694992,0.0428751036524772,0.0336333774030208,0,0,38.60367059022896,0
20800,0.0011164577445015,51.81759750416986,12.950721317829217,0.261441022157669,0.1664934605360031,0.0654503926634788,0.1876848042011261,0.7031641006469727,111942,0.0385513566434383,0.0354124084115028,0.0428785569965839,0.0336572416126728,0,0,38.86687618634065,0
20900,0.0011146512115374,51.5862053566125,12.948693172639416,0.2614326477050781,0.1666023731231689,0.0655065178871154,0.1876258701086044,0.7035408020019531,111942,0.0385840833187103,0.0354688465595245,0.0428859330713748,0.0336875990033149,0,0,38.63751218397309,0
21000,0.0010493299923837,51.73414012056141,12.947816921499196,0.2613976001739502,0.1665915846824646,0.0655469372868537,0.1876337528228759,0.7044034600257874,111942,0.0386115685105323,0.0355233512818813,0.0428911410272121,0.0337148271501064,0,0,38.78632319906222,0
21100,0.0010379188461229,51.54044031090501,12.949502594049244,0.2614758610725403,0.1666401475667953,0.0653050765395164,0.1876862049102783,0.7034963965415955,111942,0.0386421531438827,0.0355708785355091,0.0428977310657501,0.0337406434118747,0,0,38.59093771685577,0
21200,0.0009123506024479,51.61710535170706,12.949229473233643,0.2614257335662842,0.1665355265140533,0.0652247965335846,0.1876892447471618,0.7030367851257324,111942,0.0386661887168884,0.0356109999120235,0.0429014004766941,0.0337659753859043,0,0,38.66787587847342,0
21300,0.0009397210669703,51.603589203002485,12.94738986498695,0.2614444196224212,0.1666121184825897,0.0652749463915824,0.1876415014266967,0.7034174799919128,111942,0.0387042611837387,0.0356840267777442,0.0429077073931694,0.0337937697768211,0,0,38.65619933801553,0
21400,0.0010122567182406,51.83552088466101,12.948619161339128,0.2614354789257049,0.1665169447660446,0.065240778028965,0.1877043545246124,0.7037384510040283,111942,0.038731075823307,0.0357381887733936,0.0429129339754581,0.033820416778326,0,0,38.886901723321884,0
21500,0.0010983754182234,51.76479737197422,12.94843828558122,0.2614756822586059,0.1666010320186615,0.0653293207287788,0.1877092719078064,0.7035787105560303,111942,0.0387682914733886,0.0358074083924293,0.0429177694022655,0.0338421575725078,0,0,38.816359086393,0
21600,0.0010104402899742,51.798844202444194,12.94903293897473,0.2614591121673584,0.1665492951869964,0.0654468536376953,0.1876638531684875,0.7034075260162354,111942,0.0387981943786144,0.0358649529516696,0.0429224707186222,0.0338659398257732,0,0,38.84981126346946,0
21700,0.0009899536380544,51.74939274718177,12.949235854365146,0.261465460062027,0.166584312915802,0.0653931200504303,0.1876197457313537,0.703560471534729,111942,0.0388259217143058,0.0359204560518264,0.0429283045232296,0.0338934548199176,0,0,38.80015689281663,0
21800,0.0011323324870318,51.71107101524812,12.949530034706884,0.2614128887653351,0.166531503200531,0.0653579458594322,0.1876685321331024,0.7031282186508179,111942,0.0388572476804256,0.0359760783612728,0.0429328121244907,0.0339222066104412,0,0,38.76154098054124,0
21900,0.0009306643623858,51.75790985079189,12.94614146784926,0.2614604830741882,0.1666614562273025,0.0651341900229454,0.1876802742481231,0.7039788365364075,111942,0.0388905555009841,0.0360345616936683,0.0429387278854846,0.033947829157114,0,0,38.81176838294263,0
22000,0.0010054677259176,51.80278121279304,12.94640833638998,0.261378139257431,0.1666483730077743,0.0652756169438362,0.18758125603199,0.7041110992431641,111942,0.0389166213572025,0.0360834039747715,0.0429415628314018,0.0339697115123271,0,0,38.856372876403064,0
22100,0.0010046917013823,51.65428551238746,12.946078977705133,0.2614432573318481,0.1666331589221954,0.0651749894022941,0.1876720190048217,0.7034341096878052,111942,0.0389424711465835,0.0361337065696716,0.0429478138685226,0.0339933186769485,0,0,38.708206534682326,0
22200,0.0009287461871281,51.79863442174316,12.948473056526517,0.261424571275711,0.1665559709072113,0.0653462335467338,0.1876415908336639,0.703932523727417,111942,0.0389729253947734,0.0361900106072425,0.0429530441761016,0.0340173728764057,0,0,38.85016136521664,0
22300,0.0009846966713666,51.81202100687958,12.94526891900274,0.2614361047744751,0.1666512787342071,0.0653170123696327,0.1876216828823089,0.7038589715957642,111942,0.0390014164149761,0.036241628229618,0.0429576225578784,0.034039631485939,0,0,38.86675208787685,0
22400,0.0010021072812378,51.80000535154078,12.946558198077046,0.2614379227161407,0.1666088104248047,0.0651946663856506,0.1876533925533294,0.7033714056015015,111942,0.0390300489962101,0.0362910367548465,0.0429617688059806,0.0340597443282604,0,0,38.85344715346373,0
22500,0.00099206820596,51.96904877334153,12.948942012984318,0.2614060044288635,0.1665772348642349,0.0651201158761978,0.1876525729894638,0.7037033438682556,111942,0.039061289280653,0.0363518260419368,0.0429648645222187,0.03408083319664,0,0,39.02010676035721,0
22600,0.0009228768176399,51.88608467746563,12.946778217156943,0.2614549398422241,0.1666610687971115,0.0649342611432075,0.1876609623432159,0.7037069797515869,111942,0.039088238030672,0.0363987013697624,0.0429699756205081,0.034102626144886,0,0,38.939306460308686,0
22700,0.0010646498994901,51.77732027491744,12.94617749573895,0.2614282369613647,0.1666506230831146,0.0650266110897064,0.1876387894153595,0.7036182880401611,111942,0.0391185395419597,0.0364534109830856,0.0429751835763454,0.0341279655694961,0,0,38.83114277917849,0
22800,0.0008911681361496,51.980614050848295,12.94687069227109,0.2614508867263794,0.1666182577610016,0.0651971623301506,0.1876654475927353,0.703681230545044,111942,0.0391421616077423,0.0364968366920948,0.0429808124899864,0.0341509357094764,0,0,39.033743358577205,0
22900,0.0009924949845299,51.80847463548191,12.946943079337816,0.2614767253398895,0.1666192412376403,0.0651962235569953,0.1877019107341766,0.7031576633453369,111942,0.0391664914786815,0.0365386083722114,0.042985837906599,0.0341707691550254,0,0,38.861531556144094,0
23000,0.0009945874335244,51.86532549382442,12.947493196692086,0.2614368200302124,0.1666266918182373,0.0651815086603164,0.1876357793807983,0.7037702798843384,111942,0.0391939990222454,0.0365981347858905,0.0429905876517295,0.0341943129897117,0,0,38.917832297132335,0
23100,0.0010070293210446,51.68319284636945,12.94984625293547,0.2613770365715027,0.1665552258491516,0.0650347545742988,0.1876367628574371,0.703760027885437,111942,0.0392089560627937,0.0366234220564365,0.0429937802255153,0.034214437007904,0,0,38.73334659343398,0
23200,0.0009132820414379,51.88326878683422,12.948089953493344,0.2614743113517761,0.1666069030761718,0.0649836659431457,0.1877276301383972,0.703076958656311,111942,0.0392408594489097,0.036682654172182,0.0430002957582473,0.03423423320055,0,0,38.93517883334088,0
23300,0.0009965423960238,51.6247345531416,12.945045151379864,0.2615003287792206,0.1666790097951889,0.0649201199412345,0.1876858174800872,0.7040523290634155,111942,0.0392697788774967,0.0367380082607269,0.0430055558681488,0.0342551209032535,0,0,38.679689401761735,0
23400,0.0010211105691269,51.80351309975299,12.948036366421023,0.2614585757255554,0.1665977388620376,0.0650353580713272,0.1876867115497589,0.7036707401275635,111942,0.0392986461520195,0.0367893502116203,0.0430103167891502,0.0342802181839942,0,0,38.85547673333197,0
23500,0.0009400839917361,51.93790037820917,12.94891393797543,0.2614258527755737,0.1665482521057129,0.0649261251091957,0.1876936256885528,0.703012228012085,111942,0.039323978126049,0.036844652146101,0.0430120304226875,0.0342977419495582,0,0,38.988986440233745,0
23600,0.001235379721038,51.97376002394233,12.945730515990537,0.2614550590515136,0.1666639298200607,0.0650860294699668,0.1876451075077057,0.7041151523590088,111942,0.0393534749746322,0.0368935279548168,0.043016642332077,0.0343175008893013,0,0,39.0280295079518,0
23700,0.0010546795092523,52.03438189024222,12.94714621600826,0.2614383697509765,0.1666203588247299,0.0649621337652206,0.1876685619354248,0.7036038637161255,111942,0.0393776223063468,0.0369392484426498,0.0430208221077919,0.0343386232852935,0,0,39.087235674233966,0
23800,0.0008667828515172,51.85191461718317,12.947139200140665,0.2614291906356811,0.1666309088468551,0.0649576857686042,0.1877010017633438,0.7038910984992981,111942,0.0394013002514839,0.036985445767641,0.0430249720811843,0.0343576408922672,0,0,38.9047754170425,0
23900,0.0009953717235475,51.96363300203149,12.94857226690076,0.2614318430423736,0.1665865927934646,0.0649841949343681,0.1876928210258484,0.7036553621292114,111942,0.0394263118505477,0.0370421670377254,0.0430291518568992,0.0343777537345886,0,0,39.01506073513073,0
24000,0.0010158831719309,51.92935951642756,12.948453278523491,0.2614358067512512,0.1666091680526733,0.0649494156241417,0.1877005994319915,0.7040051221847534,111942,0.0394503362476825,0.0370836779475212,0.043032806366682,0.0343966111540794,0,0,38.980906237904065,0
24100,0.0009218559134751,51.909688197508245,12.948400005963387,0.2614234983921051,0.1665068119764328,0.0648983940482139,0.1877645254135131,0.7032825946807861,111942,0.0394748523831367,0.0371332727372646,0.0430366285145282,0.034416064620018,0,0,38.96128819154486,0
24200,0.0010927154216915,51.99925930142956,12.947067128702512,0.2614861726760864,0.1665879040956497,0.0650250017642974,0.1877559125423431,0.7037522196769714,111942,0.0395099148154258,0.0371980629861354,0.0430427640676498,0.0344374030828475,0,0,39.05219217272705,0
24300,0.0010070602875202,51.85938073198752,12.947276968341848,0.2614472508430481,0.1666376590728759,0.0648693069815635,0.1876939982175827,0.703748881816864,111942,0.0395324416458606,0.0372412577271461,0.0430451668798923,0.0344529524445533,0,0,38.912103763645675,0
24400,0.0011671651154756,51.7698525861638,12.947745476708056,0.2614586651325226,0.1665801703929901,0.0649169981479644,0.1877523511648178,0.7036532759666443,111942,0.0395520031452178,0.0372727215290069,0.0430497638881206,0.0344738699495792,0,0,38.82210710945574,0
24500,0.0010111217852681,51.91219938843443,12.946374538511378,0.261502742767334,0.1667063683271408,0.0649782121181488,0.1877122372388839,0.7041077613830566,111942,0.0395817011594772,0.0373283736407756,0.0430549047887325,0.0344951823353767,0,0,38.96582484992305,0
24600,0.0009740125387907,51.96386942766434,12.945735935583578,0.2614635229110718,0.1666475236415863,0.0647930353879928,0.1877342760562896,0.7034487724304199,111942,0.039596639573574,0.0373525843024253,0.0430580452084541,0.0345128923654556,0,0,39.018133492080764,0
24700,0.0009259300422854,51.97320045551909,12.946062717661988,0.2614616155624389,0.1666354238986969,0.0648458302021026,0.1877590864896774,0.7037982940673828,111942,0.0396236404776573,0.0374041683971881,0.043062575161457,0.0345322154462337,0,0,39.0271377378571,0
24800,0.0008939827093854,51.78314386342612,12.946440221422232,0.2614777684211731,0.1666502356529235,0.0649071037769317,0.187723308801651,0.7041547894477844,111942,0.0396516658365726,0.0374549031257629,0.0430668033659458,0.0345512554049491,0,0,38.83670364200388,0
24900,0.0009124189964495,51.97875702531388,12.944902035398464,0.2614766955375671,0.1666632294654846,0.0647934228181839,0.1877347081899643,0.7038804888725281,111942,0.0396734066307544,0.0374980419874191,0.0430687367916107,0.0345652289688587,0,0,39.03385498991542,0
25000,0.0010236973175778,51.885981113014495,12.947116239198689,0.2614352107048034,0.1665984243154525,0.0647330060601234,0.1877768039703369,0.7035208940505981,111942,0.0396885946393013,0.037527211010456,0.0430725999176502,0.0345828160643577,0,0,38.9388648738158,0
25100,0.0010037486208602,51.9974847979112,12.94555773015735,0.2614730596542358,0.1666377633810043,0.0647044852375984,0.1877848953008651,0.7037954330444336,111942,0.0397081188857555,0.0375633910298347,0.0430778749287128,0.0346002802252769,0,0,39.05192706775385,0
25200,0.0009551483672112,51.89534492033364,12.94906133379689,0.261410653591156,0.1665752530097961,0.0647086203098297,0.1877443492412567,0.7036359906196594,111942,0.039727047085762,0.0375911146402359,0.0430798940360546,0.0346172973513603,0,0,38.94628358653675,0
25300,0.0009745466522872,51.94124917134791,12.946276334847116,0.2614511251449585,0.1666252613067627,0.0648484304547309,0.1877573430538177,0.7034552097320557,111942,0.0397534035146236,0.0376430302858352,0.0430859290063381,0.0346367470920085,0,0,38.99497283650079,0
25400,0.001017594942823,52.001454915255145,12.946641102508572,0.2614460587501526,0.1666514873504638,0.0648151785135269,0.1877270638942718,0.7039510011672974,111942,0.0397770442068576,0.0376861430704593,0.0430881716310977,0.0346512906253337,0,0,39.05481381274657,0
25500,0.000901247432921,52.01411504619979,12.947560172258616,0.2615107893943786,0.166610911488533,0.0649051666259765,0.1878348588943481,0.7035712003707886,111942,0.0398023091256618,0.0377362444996833,0.0430949442088604,0.0346720181405544,0,0,39.06655487394117,0
25600,0.0009254546021111,52.058419294489646,12.947712944201534,0.2614133656024933,0.1666092574596405,0.0647974014282226,0.1877129971981048,0.7039248943328857,111942,0.0398213118314743,0.0377721115946769,0.0430952422320842,0.0346874520182609,0,0,39.11070635028811,0
25700,0.0009747278527356,51.92396037977923,12.945565381045096,0.2614620327949524,0.1666216999292373,0.0646985247731208,0.1878009140491485,0.7042145729064941,111942,0.0398443602025508,0.0378192663192749,0.043100032955408,0.0347037352621555,0,0,38.97839499873413,0
25800,0.0008823914686217,51.99465724932699,12.94870720940762,0.2614717781543731,0.1665630787611007,0.0646584406495094,0.1878160238265991,0.7035583853721619,111942,0.0398680567741394,0.0378571860492229,0.0431039184331893,0.0347204096615314,0,0,39.04595003991937,0
25900,0.0009894482791423,51.97637236614716,12.947667016371906,0.2614632844924927,0.1665931046009063,0.0646450296044349,0.187770128250122,0.7032941579818726,111942,0.0398891568183898,0.0378978885710239,0.0431068018078804,0.0347362011671066,0,0,39.02870534977525,0
26000,0.0009681974770501,51.91778047798837,12.947171728349602,0.2614707350730896,0.166629672050476,0.0645627975463867,0.1877898275852203,0.7035244703292847,111942,0.0399138107895851,0.0379449389874935,0.043110616505146,0.0347534529864788,0,0,38.97060874963877,0
26100,0.0008533674990758,52.09392290689733,12.945916698826183,0.2614752650260925,0.166631817817688,0.0646794289350509,0.1877774000167846,0.7043296098709106,111942,0.0399353168904781,0.0379845984280109,0.0431146100163459,0.0347713343799114,0,0,39.14800620807115,0
26200,0.0009717831853777,52.14368778692869,12.947261341636322,0.2614721953868866,0.1666412204504013,0.0646994113922119,0.1877890527248382,0.7042474150657654,111942,0.0399573482573032,0.0380327180027961,0.0431176349520683,0.0347881726920604,0,0,39.19642644529237,0
26300,0.0008957394165918,52.07853968898398,12.946944354891665,0.2614714503288269,0.1666447669267654,0.0646611526608467,0.1877583861351013,0.7039817571640015,111942,0.0399775616824626,0.0380590073764324,0.0431218408048152,0.0348063744604587,0,0,39.13159533409232,0
26400,0.0009406380122527,52.02093151812621,12.946191843211864,0.2614856362342834,0.166628211736679,0.0647356882691383,0.1878160238265991,0.7041243314743042,111942,0.0400003492832183,0.0381045751273632,0.0431246869266033,0.0348203480243682,0,0,39.07473967491435,0
26500,0.0009738132357597,52.015407142504,12.94646636732336,0.2614774405956268,0.1666536480188369,0.0645708888769149,0.1877851486206054,0.7041606903076172,111942,0.0400206074118614,0.0381411090493202,0.043128315359354,0.0348359011113643,0,0,39.06894077518064,0
26600,0.0011345378588885,51.98697655399372,12.946976243859512,0.2614191770553589,0.166630208492279,0.0644877478480339,0.1877502202987671,0.7040152549743652,111942,0.0400411747395992,0.0381844080984592,0.0431297272443771,0.0348515845835208,0,0,39.04000031013421,0
26700,0.0009172599529847,52.00650720446493,12.947919306485494,0.2614212334156036,0.1666038185358047,0.064535267651081,0.1877447962760925,0.7036572694778442,111942,0.0400598645210266,0.0382219478487968,0.0431330651044845,0.0348676145076751,0,0,39.058587897979436,0
26800,0.000882864696905,52.05947162184447,12.94535626163065,0.2614684402942657,0.1666486412286758,0.0645164549350738,0.1877832114696502,0.7043002247810364,111942,0.0400873236358165,0.0382680147886276,0.0431385226547718,0.0348859056830406,0,0,39.11411536021382,0
26900,0.0011805114336311,52.13289078673451,12.946264537803083,0.2614824771881103,0.1666587889194488,0.0646368712186813,0.1877903789281845,0.7038495540618896,111942,0.0401074923574924,0.0383034534752368,0.0431417040526866,0.0349018201231956,0,0,39.186626248931425,0
27000,0.0011468222364783,51.9903976691721,12.944252494744116,0.2614877820014953,0.1666691303253173,0.0646531358361244,0.1877979636192321,0.7038592100143433,111942,0.0401273220777511,0.0383419245481491,0.0431457608938217,0.03491722792387,0,0,39.04614517442798,0
27100,0.0008566451142542,52.0448132141687,12.946910233955371,0.2614787220954895,0.1666425168514251,0.0645808577537536,0.1877834200859069,0.7038458585739136,111942,0.0401510223746299,0.0383859016001224,0.043148785829544,0.0349329076707363,0,0,39.09790298021333,0
27200,0.000952209229581,52.15155641618311,12.945025388981508,0.2614402174949646,0.1667030900716781,0.0646169781684875,0.1877325624227523,0.7045115232467651,111942,0.0401637479662895,0.0384166091680526,0.0431520566344261,0.0349490903317928,0,0,39.206531027201606,0
27300,0.0009511093376204,52.13229538490084,12.947238698958692,0.2615256905555725,0.1666587889194488,0.0646365657448768,0.1878472417593002,0.7044655084609985,111942,0.0401872992515563,0.0384553894400596,0.0431567728519439,0.0349632613360881,0,0,39.18505668594215,0
27400,0.0010235150111839,52.06055213553672,12.945622125549896,0.2614731192588806,0.1666625589132309,0.0645600035786628,0.1878203302621841,0.7039287090301514,111942,0.0402063354849815,0.0384972915053367,0.043157622218132,0.0349760763347148,0,0,39.11493000998682,0
27500,0.0009463168098591,52.14624253524134,12.94310504036012,0.2615314424037933,0.1667561084032058,0.0644791945815086,0.1878193616867065,0.7045941948890686,111942,0.0402278378605842,0.03853240609169,0.0431618764996528,0.0349911414086818,0,0,39.20313749488122,0
27600,0.0009534419514238,52.11219039410564,12.94529760799336,0.2614909410476684,0.1666783094406128,0.0644207373261451,0.1878300607204437,0.704149603843689,111942,0.040245983749628,0.038568876683712,0.0431645065546035,0.035005398094654,0,0,39.16689278611228,0
27700,0.0011627119965851,52.1450634662458,12.947640544301873,0.2614345848560333,0.1666349619626999,0.064481683075428,0.1878081858158111,0.7038592100143433,111942,0.0402608923614025,0.0385974198579788,0.0431653149425983,0.0350183583796024,0,0,39.197422921943925,0
27800,0.0008845722186379,52.12553665716964,12.946609853729312,0.2614946961402893,0.1666562855243683,0.0645592436194419,0.1878129839897155,0.7043276429176331,111942,0.0402844585478305,0.0386386401951313,0.0431709103286266,0.0350342988967895,0,0,39.178926803440326,0
27900,0.0008891427423804,52.142146624736434,12.9456093739112,0.2614917457103729,0.1666818708181381,0.0643822699785232,0.1877855658531189,0.7039242386817932,111942,0.040300864726305,0.038671251386404,0.043173961341381,0.0350484736263752,0,0,39.19653725082523,0
28000,0.0009246104164049,52.14699742398683,12.945437230453225,0.2614666223526001,0.1666931211948394,0.0644003599882125,0.1877827495336532,0.7042592763900757,111942,0.0403195582330226,0.0387058146297931,0.0431770756840705,0.0350625328719615,0,0,39.20156019353361,0
28100,0.0008886635187081,52.15353704448165,12.94662228944106,0.2614764273166656,0.166604071855545,0.0644332766532898,0.187857449054718,0.7039419412612915,111942,0.040335901081562,0.0387399271130561,0.0431802757084369,0.0350760221481323,0,0,39.20691475504059,0
28200,0.000936493917834,52.11836982972813,12.94689046306823,0.2614712715148926,0.1666541993618011,0.0644311308860778,0.1878622770309448,0.7043981552124023,111942,0.0403584949672222,0.0387811176478862,0.043182972818613,0.0350899323821067,0,0,39.1714793666599,0
28300,0.0008830511942505,52.11339484140566,12.944616773736314,0.2615243792533874,0.1667431592941284,0.0644274875521659,0.1878357529640197,0.7045767307281494,111942,0.0403824411332607,0.0388257279992103,0.0431879870593547,0.0351058170199394,0,0,39.168778067669344,0
28400,0.0009126281365752,52.08012071856668,12.945810535375076,0.261479377746582,0.1666237562894821,0.0644211396574974,0.1878542304039001,0.7039238214492798,111942,0.0403931215405464,0.0388459227979183,0.0431899391114711,0.035117857158184,0,0,39.13431018319161,0
28500,0.0009137944434769,52.1788808608844,12.9451025265943,0.2614856958389282,0.166683629155159,0.064374454319477,0.1878147572278976,0.7043477296829224,111942,0.0404150187969207,0.0388902500271797,0.0431937277317047,0.0351328924298286,0,0,39.2337783342901,0
28600,0.0008488425519317,52.1851008966328,12.94394496890008,0.2615292072296142,0.1667248904705047,0.064385786652565,0.1878507137298584,0.7047704458236694,111942,0.040432833135128,0.0389224030077457,0.0431973673403263,0.0351460985839366,0,0,39.24115592773272,0
28700,0.0009540626779198,52.16802117389486,12.944741712850949,0.2614865303039551,0.1667038202285766,0.0644348636269569,0.1878000795841217,0.7044693231582642,111942,0.0404525995254516,0.0389613807201385,0.0431984588503837,0.0351596698164939,0,0,39.22327946104391,0
28800,0.000919917714782,52.21005211153032,12.946386017006692,0.2614578008651733,0.1666341423988342,0.0643088743090629,0.1878263056278228,0.7045755386352539,111942,0.0404680334031581,0.0389937721192836,0.043199248611927,0.0351688154041767,0,0,39.26366609452363,0
28900,0.0010420456528663,52.28244011354506,12.944312727744611,0.261497437953949,0.166715919971466,0.064340591430664,0.1878194510936737,0.704520583152771,111942,0.0404900424182415,0.0390362627804279,0.0432033911347389,0.0351842865347862,0,0,39.33812738580045,0
29000,0.0009294749470427,52.10162672017891,12.946209379076452,0.2614712417125702,0.1666507422924041,0.0642985552549362,0.1878434419631958,0.7044321298599243,111942,0.0405050218105316,0.0390639081597328,0.0432069785892963,0.0351986140012741,0,0,39.15541734110246,0
29100,0.0008888378506526,52.16643362645269,12.945398977278057,0.2614875137805938,0.166678324341774,0.0642972663044929,0.1878499090671539,0.7042860388755798,111942,0.0405254513025283,0.0391048416495323,0.043209258466959,0.0352106243371963,0,0,39.22103464917463,0
29200,0.000922963139601,52.16716600998233,12.94493008448426,0.2614701390266418,0.166696235537529,0.0643175691366195,0.1878051161766052,0.7047410011291504,111942,0.0405402891337871,0.0391344986855983,0.0432120487093925,0.0352224968373775,0,0,39.22223592549807,0
29300,0.000841545057483,52.18098124421277,12.945460501299612,0.2614911198616028,0.1666760295629501,0.0642718449234962,0.1878444552421569,0.7042738795280457,111942,0.040555253624916,0.0391595810651779,0.0432161800563335,0.0352366380393505,0,0,39.23552074291315,0
29400,0.0009345838916487,52.19513859184645,12.946236798933915,0.2614479064941406,0.1666183471679687,0.0642491206526756,0.1878572851419448,0.704257607460022,111942,0.0405701957643032,0.03919617831707,0.0432171709835529,0.0352469012141227,0,0,39.248901792912534,0
29500,0.0008652707329019,52.15324823665915,12.945546891422786,0.2614558637142181,0.1666933298110962,0.0642900466918945,0.1877833902835846,0.7043038606643677,111942,0.0405878089368343,0.0392279662191867,0.043219968676567,0.0352588333189487,0,0,39.207701345236366,0
29600,0.0009381450945511,52.17152426666951,12.944435108477276,0.2614926099777221,0.1666986048221588,0.0643205195665359,0.1878195255994796,0.7045725584030151,111942,0.0406091064214706,0.039266187697649,0.0432230308651924,0.0352721437811851,0,0,39.22708915819223,0
29700,0.0009013834642246,52.24348544850913,12.944125020249231,0.2615183293819427,0.1667298525571823,0.0642822757363319,0.1878497898578643,0.7046456336975098,111942,0.040627371519804,0.0392980389297008,0.043225672096014,0.0352836474776268,0,0,39.299360428259895,0
29800,0.0009664838435128,52.25097655693767,12.944611674256963,0.26150643825531,0.1666925251483917,0.0642738044261932,0.1878857165575027,0.7047779560089111,111942,0.040647018700838,0.0393342934548854,0.043228693306446,0.0352971665561199,0,0,39.30636488268071,0
29900,0.000930945854634,52.21372924116202,12.945658149131503,0.2614884972572326,0.1666700094938278,0.0642628967761993,0.1878600120544433,0.7045350074768066,111942,0.0406622067093849,0.0393610410392284,0.043230690062046,0.0353078134357929,0,0,39.26807109203052,0
30000,0.0008729841792955,52.12159798803067,12.94355557363566,0.261507511138916,0.1666981130838394,0.0642821863293647,0.1878708153963089,0.7045804262161255,111942,0.040675051510334,0.0393836684525013,0.0432345382869243,0.035320796072483,0,0,39.17804241439501,0
